id;unique_id;nombre;apellidos;fecha_nacimiento;direccion;madre;padre;contacto;contacto_2;email;activo;inscrito
1;8556;yuck mostly rigidly;violet midst barring;2024-07-02;small that;excluding incidentally;whenever;viciously;worldly;Isaiah.Koss70@hotmail.com;19959;26215
2;6628;angrily;cat than;2024-07-02;acidic along;doubling yearningly that;super who because;apud enfranchise;drink;Lindsey.Denesik93@yahoo.com;22281;26918
3;6578;lever drat;armoire;2024-07-01;for fast;whenever;whenever;brr;wherever psst;William.Bartoletti@yahoo.com;2999;695
4;11922;focused;doubling operating if;2024-07-02;shoes;profitable cheerfully;prostrate;sardonic until;finally handmade;Orie68@gmail.com;21338;5412
5;18891;off-ramp;police;2024-07-02;before immaculate;beet off;tomorrow;incidentally across gah;if;Stone5@gmail.com;31434;7234
6;2794;parched;generally yuck so;2024-07-02;clothes skeletal;sadly accost cancel;vote;less than free;until winding below;Taryn33@hotmail.com;4182;9027
7;2859;aw times officially;why drat;2024-07-01;psst;hopelessly costly considering;paddle;but;gosh comfortable aw;Alexandrine96@yahoo.com;13196;7992
8;7796;old however;ha woot incidentally;2024-07-02;qua;per;aboard;apropos chart;witter surprisingly;Cecelia12@gmail.com;8649;3568
9;28311;er strictly our;atheist aside drat;2024-07-02;reluctantly;colorless sans;architecture groom woot;muss;canonize whether;Angelo57@hotmail.com;19278;11977
10;13774;flamboyant aha disability;astride tiger drink;2024-07-02;whose carefully;wage regarding;brr;vacantly open;righteously mindless;Jared.Spencer0@hotmail.com;590;26376
